project_name,sha,flaky_tests
commons-lang,7c32e527651a8a235d1b78b2f5d3f53d5e9bb6cb,org.apache.commons.lang3.builder.ToStringBuilderTest#testReflectionHierarchyArrayList
commons-lang,7c32e527651a8a235d1b78b2f5d3f53d5e9bb6cb,org.apache.commons.lang3.builder.ToStringBuilderTest#testReflectionHierarchy
commons-lang,7c32e527651a8a235d1b78b2f5d3f53d5e9bb6cb,org.apache.commons.lang3.builder.ToStringBuilderTest#testSimpleReflectionStatics
commons-lang,7c32e527651a8a235d1b78b2f5d3f53d5e9bb6cb,org.apache.commons.lang3.builder.ToStringBuilderTest#testReflectionStatics
commons-lang,7c32e527651a8a235d1b78b2f5d3f53d5e9bb6cb,org.apache.commons.lang3.builder.ToStringBuilderTest#testInheritedReflectionStatics
commons-lang,7c32e527651a8a235d1b78b2f5d3f53d5e9bb6cb,org.apache.commons.lang3.builder.HashCodeBuilderTest#testReflectionHashCodeExcludeFields
commons-lang,7c32e527651a8a235d1b78b2f5d3f53d5e9bb6cb,org.apache.commons.lang3.builder.MultilineRecursiveToStringStyleTest#doubleArray
commons-lang,7c32e527651a8a235d1b78b2f5d3f53d5e9bb6cb,org.apache.commons.lang3.builder.MultilineRecursiveToStringStyleTest#stringArray
commons-lang,7c32e527651a8a235d1b78b2f5d3f53d5e9bb6cb,org.apache.commons.lang3.builder.MultilineRecursiveToStringStyleTest#simpleObject
commons-lang,7c32e527651a8a235d1b78b2f5d3f53d5e9bb6cb,org.apache.commons.lang3.builder.MultilineRecursiveToStringStyleTest#longArray
commons-lang,7c32e527651a8a235d1b78b2f5d3f53d5e9bb6cb,org.apache.commons.lang3.builder.MultilineRecursiveToStringStyleTest#intArray
commons-lang,7c32e527651a8a235d1b78b2f5d3f53d5e9bb6cb,org.apache.commons.lang3.builder.MultilineRecursiveToStringStyleTest#nestedAndArray
commons-lang,7c32e527651a8a235d1b78b2f5d3f53d5e9bb6cb,org.apache.commons.lang3.builder.MultilineRecursiveToStringStyleTest#charArray
commons-lang,7c32e527651a8a235d1b78b2f5d3f53d5e9bb6cb,org.apache.commons.lang3.builder.MultilineRecursiveToStringStyleTest#nestedElements
commons-lang,7c32e527651a8a235d1b78b2f5d3f53d5e9bb6cb,org.apache.commons.lang3.builder.MultilineRecursiveToStringStyleTest#boolArray
commons-lang,7c32e527651a8a235d1b78b2f5d3f53d5e9bb6cb,org.apache.commons.lang3.builder.MultilineRecursiveToStringStyleTest#noArray
commons-lang,7c32e527651a8a235d1b78b2f5d3f53d5e9bb6cb,org.apache.commons.lang3.reflect.FieldUtilsTest#testGetAllFieldsList
commons-lang,7c32e527651a8a235d1b78b2f5d3f53d5e9bb6cb,org.apache.commons.lang3.reflect.FieldUtilsTest#testGetFieldsWithAnnotation
commons-lang,7c32e527651a8a235d1b78b2f5d3f53d5e9bb6cb,org.apache.commons.lang3.reflect.FieldUtilsTest#testGetAllFields
commons-lang,7c32e527651a8a235d1b78b2f5d3f53d5e9bb6cb,org.apache.commons.lang3.builder.HashCodeBuilderAndEqualsBuilderTest#testFixture
commons-lang,7c32e527651a8a235d1b78b2f5d3f53d5e9bb6cb,org.apache.commons.lang3.builder.HashCodeBuilderAndEqualsBuilderTest#testFixtureWithTransients
commons-lang,7c32e527651a8a235d1b78b2f5d3f53d5e9bb6cb,org.apache.commons.lang3.builder.RecursiveToStringStyleTest#testPerson
jackson-annotations,381d6abcefd0e5fd19529f244173313b7f91954f,com.fasterxml.jackson.annotation.JsonIncludePropertiesTest#testFromAnnotation
JsonRpc4J,6d7f58389e86efa4f44cc8906a7d1963b7f208b9,eliasstar.jsonrpc.objects.RequestTests#testRequestParamsSerialization
JsonRpc4J,6d7f58389e86efa4f44cc8906a7d1963b7f208b9,eliasstar.jsonrpc.objects.RequestTests#testRequestIdSerialization
JsonRpc4J,6d7f58389e86efa4f44cc8906a7d1963b7f208b9,eliasstar.jsonrpc.objects.NotificationTests#testNotificationSerialization
kryo,c6d199b1e3622dd323d0641260c4e31cec439636,com.esotericsoftware.kryo.serializers.DefaultSerializersTest#testPriorityQueueSubclass
kryo,c6d199b1e3622dd323d0641260c4e31cec439636,com.esotericsoftware.kryo.serializers.DefaultSerializersTest#testPriorityQueue
kryo,c6d199b1e3622dd323d0641260c4e31cec439636,com.esotericsoftware.kryo.serializers.GenericsTest#testMapTypeParams
jmeter-datadog-backend-listener,4b237366bf81050e56aa4d96944cffcd594593c0,org.datadog.jmeter.plugins.DatadogBackendClientTest#testExtractLogs
